§,FranchiseName,FranchiseLocation,BillingStaffName,BillingTimeStamp,ServeStaffName,ServeTimeStamp,ChefStaffName,ChefTimeStamp,CustomerName,CustomerLoyaltyNumber,CustomerEmail,CustomerMobileNumber,SaleDateTime,PaymentType,CreditCardDetails,OrderType,CarPlateNumber,DeliveryRequired,DeliveryStaffName,DeliveryTimeStamp,TotalBillValue,FoodItemsPurchased,TaxAmount,DeliveryFees,DiscountAmount,AppliedOfferName,CouponName
1,EtaBetaPi_12,Charlotte,Deanna Wood,14:13.2,Jack Swanson,08:58.7,Seth Pope,47:54.6,Taylor Norman,LOY-7602,erinbrock@example.org,+1-249-860-1527x5720,58:01.1,Cash,,Inhouse,,No,Tammie Murphy,,29.59,Chicken Sandwich,45.6,6.48,15.53,20% Off,Coupon-331
2,EtaBetaPi_23,Atlanta,Jennifer Oliver,41:56.0,Destiny Barrett,24:42.9,Sara Moore MD,17:17.4,Christopher Koch,LOY-8282,fblanchard@example.net,001-655-566-7824,44:43.7,Credit Card,**** **** **** 7987,Online,038-LFTB,No,Kimberly Thompson,56:01.1,181.04,"Milkshake, Mozzarella Sticks, Smoothie, Chicken Nuggets",45.41,14.53,24.93,Buy 1 Get 1 Free,Coupon-748
3,EtaBetaPi_01,Dallas,Joshua Norton,51:37.6,Sydney Henderson,47:58.2,Holly Gordon,25:53.6,Reginald Hanson,LOY-6534,wesleymcdaniel@example.com,+1-332-333-8483x899,34:52.2,Cash,**** **** **** 2294,Drive Through,,Yes,Mr. Steven Hodges,05:09.8,244.35,"Mozzarella Sticks, Fries, Taco, Smoothie",10.92,11.12,15.82,20% Off,Coupon-850
4,EtaBetaPi_09,New York,Sara Moore MD,06:08.9,Donna Smith,46:05.0,Sean Wilson DDS,49:11.8,Kevin Wilson,LOY-2807,upierce@example.net,668.562.5141x7458,20:49.8,Digital Wallet,,Drive Through,75601,No,Cristina Duke,,335.57,"Salad, Hot Dog",28.41,5.35,20.7,Buy 1 Get 1 Free,Coupon-272
5,EtaBetaPi_06,Philadelphia,Nathan Hernandez,55:08.0,Nicole Pittman,07:32.4,Jennifer Oliver,53:41.7,Michael Steele,LOY-2573,manderson@example.net,3197126595,18:53.5,Cash,**** **** **** 7706,Online,,Yes,Jessica Maxwell,16:32.1,188.07,"Hot Dog, Pepsi",22.39,9.08,6.49,,
6,EtaBetaPi_24,Seattle,Kelly Perkins,48:50.3,Danielle Luna,49:31.9,Sean Wilson DDS,23:57.6,Virginia Petersen,,juliedominguez@example.com,819-976-2509,50:49.3,Credit Card,,Online,,No,Bobby Tucker,,115.09,"Ice Cream, Onion Rings",26.09,1.1,10.2,,Coupon-245
7,EtaBetaPi_15,Austin,Margaret Fisher,52:00.8,Samuel Parker,47:31.7,Jonathan Smith,29:53.8,Roger Wise,LOY-5750,manderson@example.net,+1-406-551-6314x5045,15:14.0,Credit Card,,Drive Through,,No,Kara Sanchez,,150.53,"Hot Dog, Chicken Sandwich, Milkshake, Smoothie",13.66,13.19,5.42,20% Off,
8,EtaBetaPi_16,Las Vegas,Joshua Norton,10:52.1,Joshua Fitzpatrick,19:05.5,Tammie Murphy,08:30.1,Mark Ball,LOY-5602,bwilliams@example.org,(787)801-4484x1612,36:30.4,Credit Card,,Uber Eats,002 AYT,Yes,Michael Johnson,,230.39,"Onion Rings, Pasta, Coffee, Pizza",43.81,5.79,1.74,20% Off,
9,EtaBetaPi_24,San Diego,Deanna Wood,27:40.6,Jessica Maxwell,16:10.0,Destiny Barrett,45:19.1,Laura Zhang,LOY-9446,manningmelissa@example.org,+1-420-296-1302x91453,01:45.1,Credit Card,**** **** **** 8787,Drive Through,,No,Donna Smith,07:36.7,81.14,Taco,48.6,0.37,8.87,Family Pack Offer,Coupon-404
10,EtaBetaPi_10,Portland,Donna Smith,17:10.4,Kristin Lester,47:13.9,Dale Sims,57:39.1,Joshua Watson,LOY-8910,scottkatherine@example.net,001-793-304-0520x900,30:38.7,Cash,**** **** **** 8009,Drive Through,,Yes,Dale Sims,53:48.2,490.04,"Chicken Nuggets, Burrito, Veggie Burger, Mozzarella Sticks",45.43,9.34,12.62,Family Pack Offer,
11,EtaBetaPi_13,Columbus,Ashley Lynch,50:59.6,Tammie Murphy,21:19.7,Elijah Bailey,51:13.1,Julia Buchanan,LOY-5758,michaeljohnson@example.org,655.284.6908,04:16.0,Cash,,Uber Eats,925 EGC,Yes,Brittany Smith,,268.84,"Milkshake, Pizza",45.62,19.06,1.11,Buy 1 Get 1 Free,
12,EtaBetaPi_25,Austin,Brian Obrien,23:13.7,Brittany Smith,00:50.6,Ellen Morgan,29:22.8,Julia Buchanan,LOY-4351,michaeljohnson@example.org,001-201-924-4899x817,06:12.8,Digital Wallet,,Inhouse,,No,Elizabeth Bennett,02:08.6,89.07,"Chicken Nuggets, Chicken Sandwich, Veggie Burger",26.84,3.49,17.73,Free Fries with Burger,
13,EtaBetaPi_27,Austin,Benjamin Gardner,33:10.3,Samuel Parker,48:51.1,Danielle Luna,23:40.4,Seth Oliver,LOY-3625,jeremycox@example.org,350.474.8770x101,06:21.8,Credit Card,,Uber Eats,,Yes,Randy Schmidt,,412.21,Burrito,36.82,15.67,21.38,,
14,EtaBetaPi_21,Seattle,Danielle Luna,00:17.0,Joshua Norton,45:43.3,Jessica Maxwell,47:00.1,Sean Griffith,LOY-1775,johnwalker@example.com,001-205-309-1667,52:47.6,Cash,**** **** **** 2822,Online,,No,Randy Schmidt,,408.94,Pizza,40.7,5.56,6.48,20% Off,Coupon-982
15,EtaBetaPi_11,Philadelphia,Bobby Tucker,25:41.2,Lisa Murphy,08:08.3,Michael Johnson,38:34.3,Nicole Thomas,,kclark@example.com,452.460.2990x58015,18:42.2,Cash,**** **** **** 9216,Drive Through,OZX-8566,No,Samuel Parker,32:53.1,213.88,"Pasta, Salad, Pepsi",10.55,5.2,20.76,20% Off,Coupon-400
16,EtaBetaPi_18,San Diego,Sara Moore MD,06:16.9,Seth Pope,46:10.6,Christopher Sanchez,31:11.9,Dylan Scott,LOY-1161,owilson@example.net,975.501.6547x30901,49:55.9,Credit Card,,Inhouse,97S 998,No,Jeffery Luna,,499.89,Smoothie,26.6,12.71,17.76,Buy 1 Get 1 Free,Coupon-560
17,EtaBetaPi_22,Las Vegas,Holly Gordon,01:25.9,Lisa Murphy,30:54.9,Michael Johnson,34:46.4,Emily Abbott,LOY-2914,fblanchard@example.net,(973)354-1351,04:37.1,Digital Wallet,,Inhouse,,Yes,Michael Johnson,,207.93,Coke,37.61,17.47,17.81,,Coupon-153
18,EtaBetaPi_20,Baltimore,Mr. Steven Hodges,23:31.7,Jack Swanson,35:43.4,Paul King,43:30.9,Monica Oliver MD,LOY-2225,jeangarcia@example.net,+1-332-333-8483x899,26:34.0,Cash,**** **** **** 8564,Uber Eats,P17-ZKA,No,Benjamin Gardner,,84.92,"Smoothie, Milkshake",41.32,7.13,22.99,Free Fries with Burger,
19,EtaBetaPi_06,New York,Michael Johnson,49:23.5,Bryan Sanders,56:05.1,Seth Pope,30:29.9,Christine Roberts,,haleybrown@example.org,875.497.1227,46:23.0,Cash,**** **** **** 7337,Drive Through,,Yes,Holly Gordon,27:39.3,289.18,"Pizza, Smoothie",29.79,16.14,3.34,Free Fries with Burger,Coupon-998
20,EtaBetaPi_30,Columbus,Elizabeth Bennett,14:41.5,Michael Johnson,54:16.9,Sara Moore MD,22:37.6,Cynthia Aguirre,LOY-9561,ochoatammy@example.org,223.220.8427x89515,47:55.5,Cash,,Online,1CFG 69,Yes,Joshua Fitzpatrick,,344.73,"Fish Sandwich, Veggie Burger, Smoothie, Coke",30.8,15.08,29.77,Buy 1 Get 1 Free,Coupon-518
21,EtaBetaPi_07,Los Angeles,Tammie Murphy,43:52.9,Sue Gillespie,35:51.5,Sean Wilson DDS,52:25.4,Sarah Wood,,hannah01@example.net,357-903-5328x029,23:33.7,Digital Wallet,,Online,,No,Brian Obrien,17:53.9,13.07,"Mozzarella Sticks, Pepsi, Hot Dog",48.43,3.19,20.47,,
22,EtaBetaPi_10,Charlotte,Sue Gillespie,56:36.4,Sue Gillespie,23:08.5,Samuel Parker,33:06.0,Joseph House,LOY-2123,campospaige@example.com,604-370-1325x78634,13:47.3,Credit Card,,Inhouse,965-FVI,Yes,Donna Smith,,137.18,Ice Cream,42.69,18.89,1.34,,
23,EtaBetaPi_09,Houston,Kara Sanchez,49:53.6,Leah Gonzales,58:33.0,Alicia Dixon,12:18.9,Reginald Hanson,LOY-5760,leslie60@example.org,745-823-4006x8734,01:17.0,Credit Card,**** **** **** 9905,Uber Eats,44U A85,Yes,Nicole Chavez,,92.25,Coke,40.11,18.73,18.62,20% Off,
24,EtaBetaPi_11,Boston,Kara Sanchez,40:53.2,Jeffery Luna,01:26.8,Christopher Sanchez,45:44.6,Timothy Brooks,LOY-6663,kmcknight@example.net,(580)214-9514x486,08:11.6,Credit Card,**** **** **** 1565,Inhouse,MPK 018,Yes,Ricardo Kirk,20:36.3,474.96,"Pepsi, Cheeseburger",12.33,18.92,3.44,20% Off,
25,EtaBetaPi_11,Portland,Margaret Fisher,22:01.4,Jonathan Smith,32:44.1,Andrea Vasquez,50:36.3,Jodi Harrington,LOY-5579,kimbethany@example.com,001-233-704-2043x357,34:39.2,Credit Card,,Online,ZAQ 232,No,Margaret Fisher,,60.87,"Chicken Sandwich, Pepsi, Cheeseburger",41.75,15.5,10.7,,
26,EtaBetaPi_19,San Diego,Samuel Parker,21:06.7,Sue Gillespie,19:54.1,Holly Gordon,14:33.4,Karen Flores,LOY-2575,campospaige@example.com,+1-426-561-4217x927,55:35.2,Credit Card,,Uber Eats,,No,Nicole Pittman,02:15.8,258.55,"Coffee, Pizza, Chicken Sandwich, Pepsi",46.39,14.08,1.19,20% Off,Coupon-797
27,EtaBetaPi_03,Las Vegas,Sean Wilson DDS,02:41.1,Samuel Parker,32:20.7,Randy Schmidt,16:08.1,Hannah Johnson,LOY-1970,samuel91@example.net,6536885824,19:55.0,Credit Card,**** **** **** 8464,Online,741217,No,Sydney Henderson,38:00.2,404.95,Veggie Burger,35.78,10.66,24.46,,
28,EtaBetaPi_09,Miami,Margaret Fisher,09:42.0,Cristina Duke,31:37.1,Nicole Chavez,35:34.5,Mark Ball,LOY-4539,serranodeanna@example.org,+1-379-727-4829x8364,29:40.8,Credit Card,**** **** **** 7225,Drive Through,,Yes,Bobby Tucker,,438.45,"Coffee, Chicken Nuggets, Pasta, Chicken Sandwich",43.43,1.94,10.34,Free Fries with Burger,
29,EtaBetaPi_24,Baltimore,Ellen Morgan,58:58.7,Randy Schmidt,53:41.7,Nathan Hernandez,37:59.1,Sean Griffith,LOY-3877,smurphy@example.org,(946)697-8501,48:56.3,Digital Wallet,**** **** **** 1245,Drive Through,CFU-8174,No,Brittany Smith,,462.87,"Chicken Nuggets, Taco",42.71,1.84,3.79,20% Off,Coupon-638
30,EtaBetaPi_29,San Diego,Nicole Chavez,10:46.8,Paul King,32:54.1,Kelly Perkins,53:35.4,Mr. Darrell Daniel,LOY-7134,kmyers@example.net,(787)801-4484x1612,14:17.4,Cash,**** **** **** 9205,Inhouse,,Yes,Mr. Steven Hodges,11:17.9,398.26,Coffee,15.75,3.28,20.87,Family Pack Offer,Coupon-161
31,EtaBetaPi_25,Miami,Ellen Morgan,21:54.8,Eric Nelson,49:15.7,Kimberly Thompson,40:11.0,Karen Johnson,LOY-6206,erikahale@example.com,889.825.1860x131,40:04.7,Cash,,Online,876455,No,Mallory Patrick,,440.28,"Salad, Smoothie, Coke, Ice Cream",16.62,8.69,20.99,20% Off,
32,EtaBetaPi_28,Charlotte,Ellen Morgan,05:51.0,Deanna Wood,43:00.1,Christopher Sanchez,37:56.4,Cindy Nichols,LOY-9042,gregory50@example.net,+1-249-860-1527x5720,37:14.4,Cash,,Online,,Yes,Danielle Luna,11:44.4,215.82,Burrito,41.57,5.97,23.56,,
33,EtaBetaPi_09,New York,Sue Gillespie,13:49.5,Ashley Lynch,54:39.2,Donna Smith,52:40.6,Kayla Peterson,LOY-3435,kennethkim@example.org,(946)697-8501,59:21.6,Credit Card,,Inhouse,1690,No,Mr. Steven Hodges,,402.71,"Milkshake, Fries, Cheeseburger, Burrito",16.02,10.99,14.92,Buy 1 Get 1 Free,Coupon-451
34,EtaBetaPi_HQ,Denver,Kimberly Thompson,25:31.8,Nathan Hernandez,25:41.6,Sydney Henderson,45:06.5,Cindy Nichols,LOY-2919,bwilliams@example.org,335-891-4929x8070,53:11.3,Digital Wallet,**** **** **** 8965,Inhouse,,Yes,Kimberly Thompson,,169.92,"Chicken Nuggets, Pasta, Pizza, Mozzarella Sticks",42.75,4.47,26.86,20% Off,Coupon-212
35,EtaBetaPi_10,Miami,Brian Obrien,55:54.1,Nathan Hernandez,10:44.1,Danielle Luna,57:48.4,Reginald Hanson,LOY-3956,sierra39@example.net,+1-379-727-4829x8364,20:45.2,Digital Wallet,**** **** **** 6695,Online,72I 348,Yes,Paul King,55:33.5,402.29,"Pizza, Chicken Nuggets",10.26,16.66,10.8,,Coupon-897
36,EtaBetaPi_20,Detroit,Elizabeth Bennett,30:03.6,Brian Obrien,56:54.6,Jack Swanson,20:07.1,Warren Riley,,suttonjonathan@example.org,9178539975,24:14.7,Credit Card,,Inhouse,XOQ 237,Yes,Joshua Fitzpatrick,02:08.1,214.75,"Smoothie, Milkshake, Salad, Hot Dog",44.76,1.87,27.52,Free Fries with Burger,
37,EtaBetaPi_05,Indianapolis,Donna Smith,19:43.3,Ellen Morgan,40:05.1,Paul King,51:46.1,Seth Oliver,LOY-8819,scottkatherine@example.net,+1-730-656-5161x7775,07:24.2,Digital Wallet,**** **** **** 7805,Uber Eats,,Yes,Nicole Pittman,00:39.8,152.37,"Pasta, Cheeseburger, Coke",32.98,16.39,1.83,,Coupon-806
38,EtaBetaPi_01,Indianapolis,Brian Obrien,46:27.8,Ellen Morgan,41:08.3,Alicia Dixon,42:26.8,Wendy Gross,LOY-5326,rita57@example.org,001-661-456-0424x426,06:43.8,Cash,**** **** **** 9634,Uber Eats,672 LVC,Yes,Kristin Lester,,117.13,Ice Cream,49.41,17.99,28.47,Family Pack Offer,
39,EtaBetaPi_26,Dallas,Seth Pope,49:07.1,Deanna Wood,07:50.7,Joshua Fitzpatrick,46:29.2,Jenna Goodwin,LOY-5358,william79@example.net,001-419-428-7548x096,17:01.1,Digital Wallet,,Online,,No,Jeffery Luna,11:07.4,314.83,"Milkshake, Fries",45.44,3.86,8.83,Free Fries with Burger,Coupon-654
40,EtaBetaPi_16,Orlando,Nicole Pittman,36:58.2,Jennifer Oliver,18:02.1,Leah Gonzales,34:04.8,Cynthia Aguirre,LOY-6626,cervantesjames@example.org,+1-917-534-0832x673,18:06.7,Credit Card,**** **** **** 3960,Uber Eats,,No,Nathan Hernandez,,157.87,Pepsi,38.29,17.03,8.93,Buy 1 Get 1 Free,Coupon-541
41,EtaBetaPi_08,Baltimore,Bobby Tucker,07:02.3,Ricardo Kirk,10:41.1,Jonathan Smith,28:55.5,Christine Foster,LOY-1419,erikahale@example.com,841-915-5313x3219,55:23.0,Digital Wallet,,Inhouse,,No,Ricardo Kirk,42:07.8,368.38,Ice Cream,9.5,11.17,1.81,20% Off,
42,EtaBetaPi_19,Boston,Sara Moore MD,38:05.5,Michael Johnson,35:06.5,Paul King,07:47.7,Sheena Randall,LOY-1498,bsmith@example.com,223.220.8427x89515,33:28.6,Cash,**** **** **** 7069,Drive Through,MAT 010,Yes,Joshua Norton,35:49.0,388.21,"Chicken Nuggets, Pizza, Mozzarella Sticks",42.73,17.45,14.67,,
43,EtaBetaPi_29,Nashville,Joshua Norton,58:45.7,Kara Sanchez,30:25.6,Sydney Henderson,32:52.7,Cindy Nichols,LOY-3767,kimbethany@example.com,542.328.4542x282,58:02.5,Credit Card,**** **** **** 4621,Inhouse,,No,Kara Sanchez,,380.15,Hot Dog,39.34,17.83,26.57,Family Pack Offer,
44,EtaBetaPi_12,Philadelphia,Michael Johnson,59:25.5,Alicia Dixon,54:10.9,Dale Sims,50:03.7,Mark Moody,LOY-2508,james11@example.org,488.954.0490x57296,23:31.0,Cash,,Inhouse,,Yes,Danielle Luna,22:45.7,464.09,"Veggie Burger, Milkshake, Chicken Sandwich",7.29,14.31,21.77,,
45,EtaBetaPi_22,Houston,Bobby Tucker,58:18.3,Christopher Sanchez,26:06.2,Kristin Lester,24:23.7,Allison Leach,,daltonmario@example.com,(946)697-8501,58:51.6,Cash,**** **** **** 6202,Drive Through,,Yes,Michael Johnson,,347.33,"Chicken Sandwich, Pizza, Hot Dog",41.2,6.96,20.49,Family Pack Offer,Coupon-286
46,EtaBetaPi_23,Los Angeles,Joshua Fitzpatrick,05:39.8,Kristin Lester,30:15.1,Joshua Norton,49:38.1,Matthew Howard,LOY-6756,briancastro@example.org,362-264-1004x361,35:20.2,Digital Wallet,**** **** **** 7374,Inhouse,MEZ 723,No,Sydney Henderson,59:37.4,219.68,"Veggie Burger, Milkshake, Fries",7.78,9.1,3.18,Free Fries with Burger,
47,EtaBetaPi_26,Miami,Danielle Luna,40:38.4,Tammie Murphy,44:23.8,Cristina Duke,55:58.0,Robert Gallegos,LOY-2970,stephensbenjamin@example.com,(502)284-9267,11:50.8,Digital Wallet,,Drive Through,,Yes,Mr. Steven Hodges,08:44.0,112.03,"Milkshake, Pepsi, Mozzarella Sticks, Onion Rings",24.16,9.5,22.32,,
48,EtaBetaPi_28,Denver,Elijah Bailey,46:16.0,Seth Pope,32:17.5,Kara Sanchez,35:59.7,Taylor Norman,LOY-8779,james11@example.org,794.524.6680,52:13.0,Digital Wallet,**** **** **** 2939,Inhouse,,No,Dale Sims,,319.55,"Fries, Hot Dog, Coke, Cheeseburger",26.66,4.17,15.83,20% Off,Coupon-229
49,EtaBetaPi_16,Indianapolis,Ricardo Kirk,54:30.9,Margaret Fisher,03:07.7,Kimberly Thompson,35:05.9,Robert Key,LOY-2376,martinezchristine@example.com,542.328.4542x282,37:52.4,Cash,,Drive Through,481DG,No,Kimberly Thompson,,17.71,"Chicken Nuggets, Fish Sandwich, Coffee",30.57,11.68,0.83,,Coupon-467
50,EtaBetaPi_13,Nashville,Brittany Smith,28:45.8,Deanna Wood,51:43.3,Paul King,47:06.0,Cindy Nichols,LOY-5877,rebeccahunt@example.org,592-294-6079,22:37.8,Digital Wallet,**** **** **** 3789,Inhouse,MHE 935,Yes,Sydney Henderson,,254.89,"Taco, Burrito",6.65,5.61,20.95,Buy 1 Get 1 Free,
51,EtaBetaPi_07,Philadelphia,Jeffery Luna,58:57.4,Sydney Henderson,41:48.8,Michael Johnson,35:39.1,Taylor Norman,LOY-7770,johnwalker@example.com,-10174,17:24.7,Cash,**** **** **** 9943,Online,,No,Joshua Fitzpatrick,,461.52,"Taco, Coffee, Onion Rings",14.49,11.63,24.6,20% Off,
52,EtaBetaPi_14,Indianapolis,Eric Nelson,23:14.2,Tammie Murphy,56:54.6,Sara Moore MD,03:15.7,Taylor Norman,LOY-2739,kennethkim@example.org,350.474.8770x101,32:35.9,Cash,**** **** **** 8425,Inhouse,CVK 178,Yes,Samuel Parker,,181.86,"Burrito, Pepsi, Taco, Hot Dog",7.05,13.4,20.68,20% Off,
53,EtaBetaPi_21,Phoenix,Kelly Perkins,48:43.2,Bobby Tucker,39:58.0,Elizabeth Bennett,57:49.5,Michael White,LOY-8697,ochoatammy@example.org,975.501.6547x30901,35:45.5,Credit Card,,Inhouse,,Yes,Cristina Duke,,13.96,"Mozzarella Sticks, Salad, Ice Cream",36.68,1.24,5.83,Family Pack Offer,Coupon-529
54,EtaBetaPi_04,Phoenix,Ricardo Kirk,35:00.5,Tammie Murphy,15:07.6,Bobby Tucker,41:03.6,Jessica Brooks,LOY-6409,rebeccahunt@example.org,001-205-309-1667,37:15.0,Cash,,Uber Eats,N19 0FH,Yes,Kara Sanchez,,269.66,"Taco, Chicken Sandwich, Pizza",32.66,13.91,26.16,Family Pack Offer,
55,EtaBetaPi_05,Philadelphia,Randy Schmidt,01:33.1,Jack Swanson,37:52.8,Donna Smith,06:18.9,Karen Flores,LOY-5418,rita57@example.org,794.524.6680,39:20.1,Digital Wallet,**** **** **** 8294,Drive Through,ZGS 377,No,Donna Smith,,346.25,"Pasta, Mozzarella Sticks, Burrito, Chicken Sandwich",28.71,8.17,15.65,Free Fries with Burger,
56,EtaBetaPi_14,San Diego,Destiny Barrett,40:59.3,Bobby Tucker,04:47.8,Ricardo Kirk,14:52.9,Robert Key,LOY-9840,jamesstein@example.com,722.717.8124x5806,29:50.2,Cash,**** **** **** 9863,Uber Eats,,Yes,Danielle Luna,12:03.0,172.53,"Pasta, Pepsi",11.32,10.16,15.49,Buy 1 Get 1 Free,Coupon-997
57,EtaBetaPi_22,Dallas,Nicole Pittman,58:13.8,Michael Johnson,55:36.3,Jack Swanson,11:43.6,Abigail Flores,LOY-5158,kclark@example.com,(580)214-9514x486,32:20.4,Digital Wallet,,Drive Through,ZZW 300,Yes,Jonathan Smith,33:00.4,72.15,"Burrito, Chicken Sandwich, Pepsi",30.31,6.6,23.97,,Coupon-111
58,EtaBetaPi_27,San Diego,Bryan Sanders,28:02.5,Sydney Henderson,51:35.7,Elizabeth Bennett,55:49.3,Carol Brown,LOY-2457,efischer@example.com,001-390-869-9753x40101,37:07.8,Cash,,Drive Through,3D 9G9WMW,No,Kelly Perkins,43:27.8,114.86,Cheeseburger,49.7,9.62,3.01,20% Off,Coupon-226
59,EtaBetaPi_07,San Francisco,Sean Wilson DDS,48:01.5,Elijah Bailey,04:37.0,Jonathan Smith,11:18.0,James Day,LOY-8039,mitchelljoshua@example.org,332.478.9568x866,54:36.7,Cash,**** **** **** 9457,Inhouse,,Yes,Ashley Lynch,,327.96,"Chicken Sandwich, Coke",16.11,7.97,25.53,,
60,EtaBetaPi_11,Columbus,Dale Sims,09:13.5,Mallory Patrick,17:51.9,Jessica Maxwell,34:01.3,Mark Ball,LOY-9215,kennethkim@example.org,542.328.4542x282,09:10.2,Cash,**** **** **** 7790,Inhouse,989-508,No,Seth Pope,19:01.8,29.33,"Pizza, Pasta",11.68,13.42,18,,
61,EtaBetaPi_10,Atlanta,Holly Gordon,35:20.9,Lisa Murphy,14:50.1,Paul King,13:09.9,Warren Riley,LOY-6839,erinbrock@example.org,335-891-4929x8070,45:39.5,Digital Wallet,**** **** **** 8655,Inhouse,,No,Donna Smith,56:48.0,186.58,"Chicken Nuggets, Salad, Milkshake, Fries",35,10.34,25.27,20% Off,Coupon-892
62,EtaBetaPi_12,Nashville,Eric Nelson,12:46.1,Christopher Sanchez,55:56.2,Margaret Fisher,45:12.1,Robert Key,LOY-5584,fblanchard@example.net,880-688-2982,30:58.2,Cash,,Online,,Yes,Sue Gillespie,49:48.8,119.5,"Coke, Fries",37.26,2.95,14.29,,
63,EtaBetaPi_26,Orlando,Michael Johnson,26:17.2,Nicole Pittman,22:22.4,Dale Sims,08:54.7,Robert Young,LOY-6845,upierce@example.net,287-230-3522x452,31:32.5,Credit Card,**** **** **** 9013,Uber Eats,YYC 688,No,Jack Swanson,,366.51,"Ice Cream, Fries",9.46,3.72,12.6,,
64,EtaBetaPi_HQ,Las Vegas,Randy Schmidt,56:34.8,Kimberly Thompson,58:37.7,Alicia Dixon,38:48.1,Jasmine Hill,LOY-9319,upierce@example.net,(744)694-6467x10220,10:49.4,Digital Wallet,,Drive Through,559 HDC,No,Ellen Morgan,58:05.6,344.64,"Mozzarella Sticks, Burrito, Salad, Coke",10.9,5.92,6.35,Family Pack Offer,Coupon-491
65,EtaBetaPi_25,Atlanta,Bobby Tucker,27:56.9,Nathan Hernandez,25:18.7,Kristin Lester,08:54.5,Nicole Mclean,LOY-3606,scottkatherine@example.net,332.478.9568x866,33:23.7,Credit Card,,Drive Through,,Yes,Jonathan Smith,,46.49,Milkshake,26.23,7.28,28.67,Family Pack Offer,
66,EtaBetaPi_02,Indianapolis,Bryan Sanders,11:35.6,Kara Sanchez,45:06.1,Tammie Murphy,57:44.6,David Hernandez,LOY-7111,rmoore@example.net,(355)907-5187x60752,10:47.0,Cash,**** **** **** 2076,Drive Through,086-JJN,Yes,Sean Wilson DDS,04:38.0,452.85,"Pasta, Fries, Veggie Burger, Hot Dog",49.04,15.52,15.26,Free Fries with Burger,Coupon-794
67,EtaBetaPi_17,Charlotte,Sue Gillespie,12:02.6,Ellen Morgan,50:25.2,Destiny Barrett,08:53.4,Lauren King,LOY-1190,smurphy@example.org,001-536-963-2500x5101,52:35.7,Cash,**** **** **** 8559,Drive Through,,No,Brittany Smith,41:42.6,464.91,Fish Sandwich,1.85,11.49,19.41,Family Pack Offer,Coupon-517
68,EtaBetaPi_19,New York,Jack Swanson,22:43.3,Randy Schmidt,42:29.6,Jennifer Oliver,55:24.9,Robert Young,LOY-7303,ramossara@example.org,747.987.7025x0969,31:03.9,Cash,,Inhouse,,Yes,Jonathan Smith,37:41.4,289.73,"Chicken Nuggets, Burrito, Pizza",39.72,11.74,3.62,Free Fries with Burger,
69,EtaBetaPi_09,New York,Destiny Barrett,57:22.3,Jessica Maxwell,28:48.7,Jeffery Luna,54:15.1,Robert Gallegos,LOY-2669,wwilliams@example.net,357-903-5328x029,14:01.3,Digital Wallet,,Online,,No,Holly Gordon,,206.36,"Taco, Chicken Nuggets, Pasta, Fries",47.44,8.36,23.18,Buy 1 Get 1 Free,Coupon-808
70,EtaBetaPi_30,Phoenix,Ellen Morgan,19:54.2,Sydney Henderson,52:50.8,Kristin Lester,04:58.3,Kelly Allen,LOY-3537,jeangarcia@example.net,(580)214-9514x486,57:56.9,Credit Card,,Drive Through,,Yes,Nicole Pittman,25:39.1,115.54,"Coke, Onion Rings, Hot Dog, Smoothie",27.19,0.12,5.62,Free Fries with Burger,
71,EtaBetaPi_15,Baltimore,Margaret Fisher,29:32.0,Kara Sanchez,35:16.3,Lisa Murphy,20:02.7,Joseph House,LOY-4527,mitchelljoshua@example.org,5089813979,21:52.4,Digital Wallet,**** **** **** 8490,Drive Through,,Yes,Andrea Vasquez,37:08.9,468.94,"Chicken Sandwich, Chicken Nuggets",13.24,7.99,1.76,Buy 1 Get 1 Free,
72,EtaBetaPi_01,Charlotte,Kimberly Thompson,33:21.8,Tammie Murphy,34:36.9,Samuel Parker,14:28.5,Dawn Anderson,LOY-5922,melendezsusan@example.com,422-795-7889x871,42:10.3,Digital Wallet,**** **** **** 9180,Online,,No,Seth Pope,15:10.0,298.03,"Coke, Taco, Veggie Burger",26.47,9.34,26.4,20% Off,Coupon-618
73,EtaBetaPi_28,Atlanta,Ricardo Kirk,05:21.2,Mallory Patrick,43:03.7,Lisa Murphy,35:22.2,Kayla Peterson,LOY-7961,briancastro@example.org,636-753-6423x0138,56:58.7,Digital Wallet,,Uber Eats,,Yes,Mr. Steven Hodges,13:55.9,136.11,"Taco, Burrito, Hot Dog, Salad",24.61,17.25,3.95,Free Fries with Burger,Coupon-877
74,EtaBetaPi_07,New York,Lisa Murphy,39:39.3,Leah Gonzales,55:05.4,Bobby Tucker,34:33.7,Sheena Randall,LOY-4050,wjackson@example.net,001-390-869-9753x40101,01:57.5,Credit Card,,Online,,No,Mallory Patrick,,125.33,Ice Cream,13.15,9.23,23.81,Family Pack Offer,Coupon-273
75,EtaBetaPi_14,Columbus,Lisa Murphy,18:44.6,Mr. Steven Hodges,26:31.9,Paul King,10:54.5,Albert Smith,LOY-2591,sierra39@example.net,228-857-6307,12:30.8,Cash,**** **** **** 8337,Inhouse,,Yes,Kimberly Thompson,29:08.7,252.34,"Veggie Burger, Salad, Fries, Mozzarella Sticks",1.2,10.59,1.13,Family Pack Offer,Coupon-163
76,EtaBetaPi_27,Orlando,Nathan Hernandez,01:03.1,Jessica Maxwell,43:35.5,Kelly Perkins,31:00.1,Joshua Watson,LOY-5654,wesleymcdaniel@example.com,889.825.1860x131,38:07.2,Cash,,Uber Eats,,Yes,Nicole Pittman,,283.01,"Taco, Chicken Sandwich, Fries",33.33,14.36,0.46,,
77,EtaBetaPi_16,Los Angeles,Danielle Luna,29:29.3,Donna Smith,20:29.0,Bryan Sanders,23:39.9,John Bell,LOY-2403,briancastro@example.org,375.296.4822x305,58:12.4,Credit Card,,Drive Through,,No,Kristin Lester,,85.7,"Hot Dog, Pepsi, Milkshake, Coffee",13.31,17.06,27.61,Free Fries with Burger,Coupon-356
78,EtaBetaPi_03,Baltimore,Nicole Chavez,46:25.8,Mr. Steven Hodges,45:27.8,Bobby Tucker,35:00.5,Julia Buchanan,LOY-3123,johnwalker@example.com,747.987.7025x0969,57:26.0,Digital Wallet,,Online,724 IJX,Yes,Nicole Chavez,37:55.0,378.51,"Onion Rings, Pasta, Salad, Pepsi",38.8,0.89,9.46,Free Fries with Burger,Coupon-462
79,EtaBetaPi_08,Seattle,Elizabeth Bennett,27:28.9,Sydney Henderson,25:00.9,Joshua Norton,22:02.8,Taylor Norman,LOY-1978,smurphy@example.org,668.562.5141x7458,50:56.2,Credit Card,,Uber Eats,201-FFIF,Yes,Donna Smith,43:55.8,34.4,"Milkshake, Coffee, Burrito, Ice Cream",15.78,15.38,22.92,Free Fries with Burger,
80,EtaBetaPi_15,New York,Dale Sims,52:19.6,Lisa Murphy,52:42.1,Joshua Fitzpatrick,31:52.1,James Kim,LOY-2001,bwilliams@example.org,5089813979,12:42.1,Credit Card,,Uber Eats,,Yes,Lisa Murphy,,215.45,"Pepsi, Hot Dog, Mozzarella Sticks, Coke",42.99,12.23,18.77,20% Off,Coupon-137
81,EtaBetaPi_16,Chicago,Deanna Wood,19:04.5,Deanna Wood,28:04.8,Alicia Dixon,26:54.3,Karen Johnson,LOY-3148,jpage@example.net,450-321-4464,33:37.6,Digital Wallet,,Inhouse,519412,Yes,Dale Sims,28:02.8,207.05,"Hot Dog, Coke, Pizza",11.33,17.2,24.99,Free Fries with Burger,Coupon-182
82,EtaBetaPi_27,Indianapolis,Kristin Lester,22:24.8,Christopher Sanchez,30:48.2,Mr. Steven Hodges,52:37.1,Christine Foster,LOY-8305,erinbrock@example.org,+1-406-551-6314x5045,58:48.1,Credit Card,**** **** **** 2793,Online,PLK-3880,Yes,Joshua Fitzpatrick,,32.3,"Coke, Chicken Nuggets, Pasta",40.17,10.28,16.53,20% Off,Coupon-414
83,EtaBetaPi_29,San Francisco,Brian Obrien,22:08.9,Randy Schmidt,40:29.0,Cristina Duke,48:15.3,Catherine Pham,LOY-7056,jacqueline01@example.net,722.717.8124x5806,34:37.4,Digital Wallet,,Online,W26 4OM,No,Destiny Barrett,24:37.9,329.26,"Ice Cream, Onion Rings, Taco",1.76,7.2,5.16,,
84,EtaBetaPi_16,Phoenix,Jessica Maxwell,48:28.1,Kimberly Thompson,51:53.4,Seth Pope,44:32.5,Robert Gallegos,LOY-2367,scottkatherine@example.net,308-816-6001x144,54:30.8,Credit Card,,Online,,No,Danielle Luna,38:33.0,148.72,"Cheeseburger, Coke",43.35,13.22,26.61,,Coupon-525
85,EtaBetaPi_25,Dallas,Danielle Luna,39:07.6,Joshua Norton,51:43.8,Eric Nelson,08:37.7,Kayla Peterson,LOY-3540,icook@example.com,+1-265-271-2670x299,16:50.0,Digital Wallet,,Uber Eats,,No,Andrea Vasquez,35:44.8,265.24,"Burrito, Smoothie, Mozzarella Sticks, Milkshake",3.27,4.74,11.71,20% Off,Coupon-534
86,EtaBetaPi_01,Philadelphia,Eric Nelson,14:53.2,Destiny Barrett,34:37.0,Bryan Sanders,59:22.4,Greg Sellers,LOY-1571,aporter@example.org,+1-315-263-8947x7793,27:19.3,Digital Wallet,,Inhouse,,No,Cristina Duke,,240.75,"Salad, Cheeseburger, Pasta",24.78,19.54,21.73,Buy 1 Get 1 Free,Coupon-278
87,EtaBetaPi_29,Indianapolis,Jennifer Oliver,21:55.9,Kelly Perkins,13:11.5,Nicole Chavez,59:27.4,Jessica Brooks,LOY-9802,andreamartin@example.org,592-294-6079,18:13.8,Credit Card,,Online,,No,Seth Pope,,431.71,"Taco, Fries, Cheeseburger",6.96,3.29,29.66,,Coupon-229
88,EtaBetaPi_20,Seattle,Joshua Fitzpatrick,11:49.2,Sue Gillespie,45:06.9,Donna Smith,05:21.8,Tara Taylor,LOY-6722,matthewskyle@example.org,-10174,28:18.9,Credit Card,**** **** **** 7270,Uber Eats,,No,Randy Schmidt,,353.17,"Mozzarella Sticks, Milkshake",14.75,2.29,1.13,Buy 1 Get 1 Free,
89,EtaBetaPi_29,Denver,Joshua Norton,47:27.4,Mallory Patrick,30:45.4,Lisa Murphy,07:14.8,Kevin Wilson,LOY-7056,briancastro@example.org,621.438.5788x3490,14:44.3,Cash,,Online,,No,Ashley Lynch,03:19.7,464.29,"Chicken Sandwich, Salad, Pepsi",17.06,11.5,8.44,Family Pack Offer,
90,EtaBetaPi_HQ,Nashville,Lisa Murphy,21:18.2,Sara Moore MD,25:34.0,Nicole Pittman,42:19.6,Brandy Thornton,LOY-3752,scottkatherine@example.net,819-976-2509,42:35.0,Digital Wallet,**** **** **** 3376,Online,,No,Elizabeth Bennett,,447.98,"Coke, Pizza",13.9,12.27,7.57,Free Fries with Burger,
91,EtaBetaPi_25,Detroit,Mr. Steven Hodges,03:50.1,Sydney Henderson,39:45.3,Dale Sims,16:39.9,Cindy Nichols,LOY-9902,laura13@example.com,001-435-976-0207x3832,49:32.9,Digital Wallet,,Uber Eats,64V N63,Yes,Nicole Chavez,56:02.3,77.27,"Burrito, Milkshake",8.62,7.61,16.38,Family Pack Offer,Coupon-855
92,EtaBetaPi_12,Nashville,Brian Obrien,05:33.5,Alicia Dixon,31:41.8,Elijah Bailey,40:28.6,Virginia Petersen,LOY-3013,james11@example.org,(502)284-9267,51:52.9,Cash,,Uber Eats,,Yes,Elizabeth Bennett,55:01.0,57.09,"Cheeseburger, Veggie Burger",35.3,5.43,17.72,20% Off,
93,EtaBetaPi_17,Orlando,Samuel Parker,34:51.2,Bobby Tucker,38:06.0,Seth Pope,23:04.5,Lauren King,LOY-4965,ochoatammy@example.org,+1-249-860-1527x5720,28:11.2,Digital Wallet,**** **** **** 7390,Uber Eats,,No,Sean Wilson DDS,07:40.5,242.67,Burrito,27.55,7.14,25.1,,Coupon-629
94,EtaBetaPi_27,Atlanta,Nicole Chavez,25:05.5,Jonathan Smith,32:38.4,Benjamin Gardner,41:00.1,Jessica Brooks,,jpage@example.net,001-655-566-7824,51:15.7,Cash,,Inhouse,4HO1847,No,Ricardo Kirk,,485.95,"Mozzarella Sticks, Chicken Nuggets",41.5,19.86,16.84,20% Off,Coupon-664
95,EtaBetaPi_27,Boston,Mr. Steven Hodges,07:54.3,Bobby Tucker,03:06.2,Holly Gordon,35:54.3,Jasmine Hill,LOY-3907,rmarquez@example.com,+1-315-263-8947x7793,54:04.2,Digital Wallet,**** **** **** 7560,Inhouse,E12-OYG,No,Benjamin Gardner,,479.85,"Coffee, Taco, Fish Sandwich",13.7,4.29,22.96,Family Pack Offer,Coupon-622
96,EtaBetaPi_16,Chicago,Cristina Duke,24:58.5,Eric Nelson,49:10.2,Sara Moore MD,42:13.5,Nathaniel Francis,LOY-1477,barbaraanderson@example.com,272-565-7462,58:52.7,Digital Wallet,**** **** **** 3218,Inhouse,,Yes,Joshua Fitzpatrick,47:22.1,178.18,"Cheeseburger, Fish Sandwich, Salad, Veggie Burger",3.06,17.47,28.67,,Coupon-440
97,EtaBetaPi_16,Boston,Randy Schmidt,16:35.0,Dale Sims,56:18.1,Kimberly Thompson,36:55.6,Jason Zimmerman,LOY-3395,gregory50@example.net,335-891-4929x8070,22:24.6,Digital Wallet,,Uber Eats,,Yes,Sara Moore MD,23:27.9,439.98,"Taco, Ice Cream",24.17,5.83,2.6,Buy 1 Get 1 Free,
98,EtaBetaPi_07,Portland,Kelly Perkins,28:30.0,Kelly Perkins,15:02.0,Samuel Parker,32:13.5,Jason Meyer,LOY-5180,barkerjoshua@example.net,4533888492,09:11.0,Cash,**** **** **** 1003,Drive Through,928 JMV,Yes,Brian Obrien,,133.05,Cheeseburger,17.63,3.19,8.41,,Coupon-679
99,EtaBetaPi_07,Atlanta,Jessica Maxwell,23:32.1,Mallory Patrick,56:40.8,Ricardo Kirk,34:48.3,Dylan Scott,LOY-8675,suttonjonathan@example.org,505.835.4649x3657,38:27.0,Credit Card,,Inhouse,,Yes,Elizabeth Bennett,,108.73,"Hot Dog, Mozzarella Sticks",4.69,6.37,2.54,,
100,EtaBetaPi_24,Austin,Kara Sanchez,41:08.7,Kara Sanchez,03:11.5,Ellen Morgan,29:22.9,Abigail Flores,LOY-9130,crossangela@example.net,(580)214-9514x486,32:29.0,Digital Wallet,,Drive Through,,Yes,Donna Smith,,369.84,"Coke, Ice Cream, Pizza, Smoothie",6.53,2.03,14.05,Free Fries with Burger,
101,EtaBetaPi_24,Nashville,Samuel Parker,26:29.7,Kimberly Thompson,49:22.4,Bryan Sanders,12:12.1,Robert Young,LOY-1379,terri25@example.com,(355)907-5187x60752,55:47.9,Cash,,Uber Eats,,No,Nicole Chavez,,439.05,"Mozzarella Sticks, Coke, Smoothie",15.66,1.82,15.97,Free Fries with Burger,Coupon-644
102,EtaBetaPi_15,Charlotte,Nathan Hernandez,11:47.1,Brittany Smith,22:20.4,Sydney Henderson,15:57.5,Mary Johnson,LOY-4778,terri25@example.com,001-201-924-4899x817,01:38.7,Cash,,Online,,Yes,Ashley Lynch,,380.36,"Pizza, Fish Sandwich, Taco",29.52,16.63,11.81,Family Pack Offer,
103,EtaBetaPi_HQ,Austin,Kelly Perkins,25:36.8,Elijah Bailey,03:33.0,Sydney Henderson,55:41.9,Greg Sellers,,martinezchristine@example.com,001-655-566-7824,05:39.8,Credit Card,,Online,,No,Sue Gillespie,,268.98,"Ice Cream, Chicken Nuggets, Onion Rings",18.24,2.82,2.96,Family Pack Offer,
104,EtaBetaPi_13,Chicago,Kara Sanchez,48:47.8,Samuel Parker,47:32.9,Mr. Steven Hodges,03:58.2,Lori Atkinson,LOY-1835,laura13@example.com,(580)214-9514x486,12:13.9,Credit Card,**** **** **** 2679,Drive Through,8953,No,Dale Sims,49:48.0,219.79,"Coffee, Cheeseburger",37.97,5.87,11.06,Buy 1 Get 1 Free,
105,EtaBetaPi_04,Charlotte,Tammie Murphy,46:55.1,Ricardo Kirk,55:26.6,Jonathan Smith,09:43.9,Cindy Smith,LOY-2440,susanbenson@example.com,350.474.8770x101,53:05.0,Cash,,Uber Eats,07ZM6,Yes,Paul King,,343.75,"Coffee, Pizza, Pasta, Ice Cream",42.85,12.66,17.05,Buy 1 Get 1 Free,Coupon-802
106,EtaBetaPi_10,Seattle,Bobby Tucker,33:17.0,Lisa Murphy,36:39.5,Mallory Patrick,19:22.5,Tyler Petersen,LOY-6241,barbarawoodard@example.org,001-419-428-7548x096,10:48.9,Digital Wallet,**** **** **** 8902,Online,,No,Donna Smith,,389.6,Chicken Nuggets,11.06,17.8,16.73,Buy 1 Get 1 Free,
107,EtaBetaPi_21,Denver,Margaret Fisher,48:45.9,Tammie Murphy,01:16.7,Bobby Tucker,43:47.1,Mark Moody,LOY-5163,wwilliams@example.net,+1-315-263-8947x7793,24:32.4,Digital Wallet,**** **** **** 9892,Drive Through,102 ZKX,Yes,Eric Nelson,44:19.1,25.68,"Coke, Smoothie, Salad",21.02,13.71,1.28,Free Fries with Burger,Coupon-619
108,EtaBetaPi_25,Dallas,Ashley Lynch,40:07.0,Kimberly Thompson,25:49.1,Lisa Murphy,59:14.8,Cynthia Aguirre,LOY-7456,daltonmario@example.com,308-816-6001x144,39:04.9,Cash,**** **** **** 6274,Inhouse,,Yes,Alicia Dixon,,338.58,Pasta,4.03,15.68,4.59,Buy 1 Get 1 Free,
109,EtaBetaPi_04,Philadelphia,Randy Schmidt,36:50.2,Michael Johnson,28:22.4,Leah Gonzales,50:35.3,Joshua Watson,LOY-7724,sally25@example.org,223.220.8427x89515,52:47.3,Credit Card,**** **** **** 5593,Inhouse,ZVN 213,No,Donna Smith,,190,Pasta,49.17,5.37,16.36,Free Fries with Burger,Coupon-263
110,EtaBetaPi_03,San Francisco,Brittany Smith,20:14.0,Sydney Henderson,00:53.1,Andrea Vasquez,21:47.8,Christopher Koch,LOY-6650,susanbenson@example.com,522.709.1524x4978,19:35.6,Digital Wallet,**** **** **** 4194,Inhouse,,No,Michael Johnson,,251.21,"Taco, Burrito",29.72,11.23,19.96,,
111,EtaBetaPi_08,San Diego,Joshua Fitzpatrick,36:24.1,Holly Gordon,35:17.3,Samuel Parker,19:20.4,Timothy Brooks,LOY-4125,martinezchristine@example.com,332.478.9568x866,14:05.5,Credit Card,**** **** **** 4041,Online,LMZ 301,Yes,Sean Wilson DDS,32:04.4,95.25,"Mozzarella Sticks, Onion Rings",11.46,9.14,28.56,Free Fries with Burger,
112,EtaBetaPi_29,Austin,Nicole Chavez,52:51.9,Holly Gordon,40:23.5,Brittany Smith,26:12.5,Nicole Thomas,LOY-7114,icook@example.com,+1-249-860-1527x5720,03:32.4,Digital Wallet,**** **** **** 3311,Online,298-RVFB,Yes,Ricardo Kirk,,122.74,"Mozzarella Sticks, Fries, Chicken Sandwich, Cheeseburger",6.35,3.95,0.24,,
113,EtaBetaPi_16,Philadelphia,Ricardo Kirk,25:20.0,Benjamin Gardner,17:10.7,Paul King,38:50.9,David Hernandez,LOY-6859,jennifer72@example.net,335-891-4929x8070,34:41.9,Cash,,Uber Eats,318 GLX,No,Holly Gordon,47:51.6,472.4,Mozzarella Sticks,11.42,3.91,10.55,20% Off,Coupon-830
114,EtaBetaPi_05,Miami,Mr. Steven Hodges,31:51.1,Christopher Sanchez,50:36.4,Donna Smith,36:15.8,Virginia Petersen,LOY-4167,sally25@example.org,747.987.7025x0969,34:18.3,Cash,,Inhouse,,Yes,Ellen Morgan,55:05.8,483.02,Burrito,37.92,11.45,28.45,20% Off,
115,EtaBetaPi_07,Columbus,Sue Gillespie,21:03.8,Ricardo Kirk,44:32.5,Andrea Vasquez,53:59.0,Jenny Harvey,LOY-4935,crossangela@example.net,001-536-963-2500x5101,35:21.8,Credit Card,,Uber Eats,4-F4184,Yes,Elijah Bailey,36:18.9,228.26,"Fish Sandwich, Ice Cream, Coke, Onion Rings",37.26,5.48,24.97,20% Off,Coupon-502
116,EtaBetaPi_26,Seattle,Nicole Chavez,03:39.3,Donna Smith,23:41.9,Leah Gonzales,41:07.3,Michele Wiggins,LOY-4634,jacksonsamantha@example.org,323.797.9513,36:23.3,Digital Wallet,**** **** **** 6517,Uber Eats,,Yes,Danielle Luna,36:26.6,71.2,Coke,23.31,13.32,29.24,20% Off,
117,EtaBetaPi_14,Boston,Ellen Morgan,12:03.2,Jennifer Oliver,27:38.8,Ricardo Kirk,22:58.0,Robert Gallegos,LOY-2676,hannah01@example.net,+1-426-561-4217x927,26:41.2,Credit Card,,Inhouse,,No,Lisa Murphy,,358.89,"Hot Dog, Salad, Pasta",48.01,13.03,11.86,Free Fries with Burger,
118,EtaBetaPi_03,Philadelphia,Destiny Barrett,53:11.6,Elizabeth Bennett,22:01.8,Eric Nelson,26:36.5,Mark Moody,LOY-4216,greenmichael@example.org,621.438.5788x3490,05:56.2,Credit Card,**** **** **** 6143,Uber Eats,,Yes,Donna Smith,19:49.3,61.19,"Milkshake, Chicken Sandwich, Pizza",8.44,9.93,23.21,20% Off,Coupon-147
119,EtaBetaPi_26,Las Vegas,Jeffery Luna,02:29.2,Jonathan Smith,54:48.5,Jeffery Luna,05:18.8,Laura Zhang,LOY-1770,aporter@example.org,505.835.4649x3657,51:36.0,Digital Wallet,**** **** **** 6650,Inhouse,,Yes,Mr. Steven Hodges,,238.59,"Milkshake, Veggie Burger, Coke, Pepsi",1.01,12.13,16.02,20% Off,
120,EtaBetaPi_26,Las Vegas,Seth Pope,00:35.1,Jonathan Smith,07:43.8,Sean Wilson DDS,47:10.9,Albert Smith,LOY-3314,scottkatherine@example.net,375.296.4822x305,47:19.2,Digital Wallet,**** **** **** 7775,Uber Eats,,No,Kara Sanchez,44:00.9,330.57,"Hot Dog, Burrito",16.3,16.33,4.33,Free Fries with Burger,Coupon-908
121,EtaBetaPi_09,Columbus,Nicole Chavez,04:54.1,Sydney Henderson,51:41.0,Joshua Fitzpatrick,08:48.1,William Lee,LOY-4143,barkerjoshua@example.net,880-688-2982,19:16.7,Credit Card,**** **** **** 1573,Uber Eats,6753,Yes,Mr. Steven Hodges,,397.27,Chicken Sandwich,29.58,4.23,20.34,Free Fries with Burger,
122,EtaBetaPi_04,Philadelphia,Christopher Sanchez,24:54.0,Andrea Vasquez,07:35.8,Jack Swanson,09:31.2,Mr. Darrell Daniel,LOY-3152,martinezchristine@example.com,(566)936-1415,10:11.5,Credit Card,**** **** **** 7644,Uber Eats,2-M5606,Yes,Ricardo Kirk,16:40.9,53.7,"Taco, Pizza, Fish Sandwich",24.95,19.46,14.54,20% Off,Coupon-733
123,EtaBetaPi_13,Detroit,Cristina Duke,43:06.2,Kristin Lester,34:53.0,Seth Pope,48:21.8,Cindy Nichols,LOY-9846,smurphy@example.org,001-536-963-2500x5101,39:20.2,Credit Card,**** **** **** 4796,Uber Eats,524 HWU,Yes,Jack Swanson,14:18.2,487.91,Cheeseburger,1.78,6.42,16.88,Free Fries with Burger,Coupon-379
124,EtaBetaPi_15,Los Angeles,Joshua Fitzpatrick,57:07.8,Kara Sanchez,30:15.8,Jeffery Luna,19:07.3,Nicole Thomas,LOY-7530,kmyers@example.net,272-565-7462,19:41.4,Credit Card,**** **** **** 4104,Drive Through,,No,Margaret Fisher,48:12.8,130.08,"Coffee, Onion Rings",4.3,16.3,17.57,Family Pack Offer,
125,EtaBetaPi_06,Boston,Deanna Wood,26:03.8,Bobby Tucker,03:42.5,Kara Sanchez,13:33.8,Cassandra Perez,LOY-6087,pricecarla@example.com,001-225-527-2622x26265,27:27.7,Cash,,Drive Through,,No,Donna Smith,24:08.8,462.1,"Cheeseburger, Burrito, Onion Rings, Coffee",45.6,18.93,27.77,20% Off,Coupon-369
126,EtaBetaPi_14,Indianapolis,Danielle Luna,40:00.5,Lisa Murphy,28:21.6,Kimberly Thompson,38:01.2,Andrew Mitchell,LOY-1339,juliedominguez@example.com,636-753-6423x0138,24:01.1,Credit Card,**** **** **** 7122,Drive Through,,No,Sean Wilson DDS,,494.87,"Veggie Burger, Fries, Coke",28.24,7.01,18.77,Buy 1 Get 1 Free,Coupon-410
127,EtaBetaPi_18,Miami,Brittany Smith,47:39.9,Joshua Norton,24:58.0,Paul King,50:35.7,Eric Torres,LOY-4320,smithkim@example.net,001-477-429-5327x4266,48:10.6,Cash,,Online,,Yes,Paul King,,186.01,"Mozzarella Sticks, Burrito, Coke",32.57,15.33,23.15,,
128,EtaBetaPi_14,San Diego,Cristina Duke,58:07.1,Tammie Murphy,33:41.1,Sue Gillespie,13:20.7,Andrew Mitchell,LOY-8760,jessicamitchell@example.org,(787)801-4484x1612,07:57.2,Cash,**** **** **** 1908,Online,,Yes,Leah Gonzales,36:18.1,49.31,"Onion Rings, Smoothie, Ice Cream",43.97,7.27,25.93,20% Off,Coupon-408
129,EtaBetaPi_28,Dallas,Tammie Murphy,20:28.7,Ashley Lynch,33:48.3,Andrea Vasquez,26:26.5,Tyler Petersen,LOY-2160,gregory50@example.net,(436)368-2694,41:51.3,Cash,**** **** **** 2022,Uber Eats,LFD 762,No,Destiny Barrett,,377.57,Taco,27.25,11.23,7.69,Free Fries with Burger,
130,EtaBetaPi_14,San Francisco,Sean Wilson DDS,35:33.0,Danielle Luna,19:35.1,Alicia Dixon,37:16.3,David Hernandez,LOY-5451,briancastro@example.org,(436)368-2694,46:02.9,Credit Card,**** **** **** 3678,Uber Eats,89P 130,No,Danielle Luna,,105.48,"Coffee, Pepsi, Mozzarella Sticks, Pasta",43.53,2.68,7.59,20% Off,
131,EtaBetaPi_02,Los Angeles,Sydney Henderson,50:13.1,Benjamin Gardner,22:44.9,Danielle Luna,16:54.5,Mark Moody,LOY-8872,nortonandrea@example.com,001-904-326-8442x6900,37:48.5,Cash,,Online,,Yes,Donna Smith,46:56.0,105.71,"Coke, Salad, Pasta",36.67,18.46,27.44,,
132,EtaBetaPi_16,Phoenix,Jonathan Smith,17:37.1,Jennifer Oliver,41:31.2,Paul King,16:28.1,Bryan Davis,LOY-6742,barkerjoshua@example.net,9178539975,10:38.7,Credit Card,,Inhouse,ZLU 061,Yes,Randy Schmidt,,255.36,"Taco, Milkshake, Pepsi, Coffee",11.64,3.12,15.03,Family Pack Offer,
133,EtaBetaPi_12,Denver,Ashley Lynch,41:06.5,Deanna Wood,48:05.9,Tammie Murphy,12:20.7,Whitney Lewis,LOY-7012,rmarquez@example.com,(583)690-8132,50:19.9,Digital Wallet,**** **** **** 6750,Drive Through,,No,Randy Schmidt,28:21.0,11.06,"Salad, Hot Dog, Pepsi, Pasta",39.52,16.8,26.91,Free Fries with Burger,Coupon-250
134,EtaBetaPi_01,Dallas,Bobby Tucker,30:44.6,Ashley Lynch,36:34.0,Michael Johnson,53:37.7,Robert Young,LOY-1774,manderson@example.net,870-343-9201x96978,19:51.0,Credit Card,,Uber Eats,2GA8230,Yes,Samuel Parker,,33.52,Taco,12.83,16.82,19.96,Family Pack Offer,Coupon-320
135,EtaBetaPi_24,Denver,Destiny Barrett,11:23.8,Jennifer Oliver,06:46.6,Eric Nelson,01:35.5,Brenda Vance,,johnwalker@example.com,450-321-4464,32:22.5,Digital Wallet,**** **** **** 1132,Online,,Yes,Elijah Bailey,,100.72,Smoothie,9.98,19.37,28.9,,Coupon-193
136,EtaBetaPi_29,Chicago,Ellen Morgan,35:49.5,Jonathan Smith,50:47.2,Jonathan Smith,36:13.3,Stephen Brown,LOY-1914,barbaraanderson@example.com,3197126595,11:56.0,Digital Wallet,**** **** **** 2969,Inhouse,6081,Yes,Elijah Bailey,33:29.9,293.07,"Milkshake, Taco, Smoothie",37.34,9.27,13.17,20% Off,Coupon-257
137,EtaBetaPi_03,Houston,Jonathan Smith,25:06.8,Ricardo Kirk,01:12.0,Nathan Hernandez,31:16.3,William Lee,LOY-7904,greenmichael@example.org,(436)368-2694,51:17.8,Digital Wallet,**** **** **** 5176,Drive Through,,Yes,Nicole Chavez,03:50.0,322.81,"Burrito, Veggie Burger, Fries, Hot Dog",29.09,11.68,20.89,,Coupon-359
138,EtaBetaPi_19,Miami,Jessica Maxwell,12:17.1,Brian Obrien,18:49.5,Sue Gillespie,01:43.7,Taylor Norman,LOY-2842,aporter@example.org,-10174,00:34.9,Cash,,Inhouse,LWC 376,No,Lisa Murphy,22:47.3,487.99,"Pizza, Fish Sandwich, Onion Rings, Cheeseburger",47.6,14.04,28.94,Free Fries with Burger,Coupon-109
139,EtaBetaPi_22,Atlanta,Kimberly Thompson,10:10.5,Nicole Chavez,54:43.0,Mallory Patrick,29:12.3,James Day,LOY-6573,oandrade@example.org,001-205-309-1667,08:25.5,Cash,**** **** **** 5178,Inhouse,,Yes,Brittany Smith,,29.46,"Veggie Burger, Coke, Onion Rings",37.06,19.49,26.83,20% Off,Coupon-723
140,EtaBetaPi_09,Portland,Mallory Patrick,40:58.2,Christopher Sanchez,49:57.2,Nicole Chavez,26:54.1,Albert Smith,LOY-4023,kelly41@example.com,560-538-7200x8343,02:29.4,Digital Wallet,**** **** **** 4789,Online,,Yes,Brittany Smith,,415.96,"Mozzarella Sticks, Milkshake, Smoothie",18.51,13.68,5.6,Family Pack Offer,
141,EtaBetaPi_26,Detroit,Jessica Maxwell,02:48.6,Jonathan Smith,32:17.6,Dale Sims,22:29.1,Cindy Smith,,ayalajoshua@example.com,(355)907-5187x60752,26:18.6,Digital Wallet,**** **** **** 8398,Uber Eats,OHG-618,Yes,Nathan Hernandez,09:50.4,117,"Hot Dog, Veggie Burger, Fish Sandwich, Salad",45.75,11.26,19.39,,Coupon-917
142,EtaBetaPi_28,Philadelphia,Bryan Sanders,27:56.1,Jack Swanson,33:47.9,Jessica Maxwell,42:45.8,Jessica Brooks,LOY-4922,hannah01@example.net,+1-671-201-3108x51131,55:37.5,Credit Card,**** **** **** 1258,Inhouse,,Yes,Jonathan Smith,,181.37,"Taco, Milkshake, Fries, Onion Rings",24.64,7.01,22.74,Free Fries with Burger,Coupon-372
143,EtaBetaPi_11,New York,Joshua Norton,45:37.6,Kelly Perkins,39:00.6,Sean Wilson DDS,45:07.7,Michael White,LOY-4059,icook@example.com,409.587.2436x4919,17:45.6,Cash,**** **** **** 9208,Drive Through,EQ5 9261,No,Bobby Tucker,14:52.1,358.31,"Coffee, Ice Cream",45.19,17.65,27.12,20% Off,
144,EtaBetaPi_25,Chicago,Lisa Murphy,44:36.6,Brian Obrien,45:07.5,Brian Obrien,55:48.2,Robert Young,,kennethkim@example.org,001-201-924-4899x817,46:14.4,Digital Wallet,**** **** **** 2384,Uber Eats,VBJ 946,No,Sean Wilson DDS,,459.99,"Smoothie, Ice Cream, Coffee, Pepsi",17.73,2.18,6.4,Free Fries with Burger,
145,EtaBetaPi_03,Atlanta,Jessica Maxwell,56:04.2,Jack Swanson,46:05.4,Donna Smith,13:32.1,Brenda Vance,LOY-4335,hannah01@example.net,001-201-924-4899x817,35:29.8,Digital Wallet,**** **** **** 5572,Uber Eats,,No,Joshua Norton,,429.89,Taco,24.41,2.2,4.14,Free Fries with Burger,Coupon-336
146,EtaBetaPi_25,Seattle,Seth Pope,38:46.2,Bryan Sanders,10:33.8,Mallory Patrick,19:34.4,James Day,LOY-8156,jamesbrown@example.net,001-201-924-4899x817,44:12.0,Credit Card,**** **** **** 8589,Drive Through,969-OFS,Yes,Ricardo Kirk,44:47.7,128.49,"Salad, Pasta, Veggie Burger, Coke",15.32,12.47,19.52,,
147,EtaBetaPi_20,Houston,Jennifer Oliver,08:52.8,Jennifer Oliver,10:13.8,Ashley Lynch,06:20.6,Whitney Lewis,LOY-7798,jennifer72@example.net,001-435-519-3262x994,09:53.9,Credit Card,**** **** **** 5990,Inhouse,,No,Dale Sims,36:24.4,466.32,"Burrito, Cheeseburger, Chicken Nuggets",40.82,16.87,12.42,Buy 1 Get 1 Free,Coupon-550
148,EtaBetaPi_16,Nashville,Brittany Smith,20:32.5,Jennifer Oliver,23:42.9,Leah Gonzales,57:40.6,Sean Griffith,LOY-4714,rita57@example.org,488.954.0490x57296,43:50.1,Credit Card,**** **** **** 5228,Inhouse,309Z,No,Joshua Norton,50:48.0,181.99,Chicken Nuggets,33.04,4.77,15.68,Buy 1 Get 1 Free,Coupon-973
149,EtaBetaPi_15,Atlanta,Joshua Fitzpatrick,42:38.3,Nicole Pittman,18:29.7,Paul King,04:49.6,Hannah Johnson,LOY-8516,oandrade@example.org,001-435-519-3262x994,32:27.0,Credit Card,,Uber Eats,,No,Danielle Luna,,144.93,"Mozzarella Sticks, Coffee, Chicken Sandwich",32.31,3.52,20.21,20% Off,Coupon-734
150,EtaBetaPi_18,Philadelphia,Nicole Pittman,13:38.9,Danielle Luna,08:11.8,Bryan Sanders,48:45.1,Lisa Torres,,hannah01@example.net,001-390-869-9753x40101,40:18.1,Cash,**** **** **** 4926,Drive Through,,No,Ashley Lynch,,322.62,"Chicken Sandwich, Salad",6.63,9.16,14.28,Free Fries with Burger,
151,EtaBetaPi_18,Portland,Michael Johnson,17:54.7,Kelly Perkins,57:32.1,Sean Wilson DDS,49:42.9,Cindy Nichols,,aporter@example.org,001-833-246-2634x242,22:27.8,Credit Card,,Inhouse,,Yes,Ashley Lynch,,169.14,"Coffee, Pasta, Taco",33.06,4.09,2.17,Free Fries with Burger,
152,EtaBetaPi_13,Orlando,Mallory Patrick,33:23.5,Sue Gillespie,25:46.7,Christopher Sanchez,15:07.2,John Bell,LOY-9928,crossangela@example.net,(787)801-4484x1612,58:19.1,Digital Wallet,**** **** **** 1891,Inhouse,397 2617,No,Tammie Murphy,,263.94,"Ice Cream, Coffee, Chicken Nuggets",11.47,6.57,8.66,Free Fries with Burger,Coupon-237
153,EtaBetaPi_12,Orlando,Randy Schmidt,17:13.2,Sue Gillespie,54:16.4,Nathan Hernandez,15:05.2,Cindy Nichols,LOY-1268,jpage@example.net,(973)354-1351,05:12.5,Credit Card,**** **** **** 7122,Uber Eats,P44 9VP,Yes,Donna Smith,,345.87,Coke,49.98,18.33,1.36,,
154,EtaBetaPi_24,Philadelphia,Jessica Maxwell,45:57.6,Jessica Maxwell,02:07.2,Nathan Hernandez,48:34.4,Latoya Ware,LOY-1222,michaeljohnson@example.org,452.460.2990x58015,58:39.3,Digital Wallet,**** **** **** 5448,Uber Eats,MHI 005,Yes,Ellen Morgan,,65.84,"Smoothie, Fries, Burrito",13.43,17.38,16.41,20% Off,
155,EtaBetaPi_29,Atlanta,Seth Pope,20:52.1,Jack Swanson,47:36.4,Jack Swanson,41:00.6,Kayla Peterson,LOY-3713,rmarquez@example.com,001-435-519-3262x994,59:16.9,Digital Wallet,**** **** **** 2293,Uber Eats,436H,Yes,Tammie Murphy,04:34.8,155.33,Mozzarella Sticks,49.71,1.87,24.54,Free Fries with Burger,Coupon-898
156,EtaBetaPi_16,Columbus,Kara Sanchez,41:31.0,Donna Smith,13:43.3,Kara Sanchez,14:37.3,Thomas Esparza,LOY-9180,bwilliams@example.org,001-201-924-4899x817,26:28.9,Cash,,Inhouse,PHA 146,No,Margaret Fisher,,437.15,"Coffee, Veggie Burger, Cheeseburger, Fries",6.49,16.32,26.08,20% Off,
157,EtaBetaPi_06,Philadelphia,Dale Sims,55:38.8,Nicole Pittman,23:45.3,Andrea Vasquez,21:27.1,Laura Zhang,LOY-5779,jeremycox@example.org,272-565-7462,34:43.0,Digital Wallet,,Uber Eats,9DY8153,No,Randy Schmidt,,472.82,Pasta,12.36,4.05,22.13,Free Fries with Burger,
158,EtaBetaPi_06,Charlotte,Cristina Duke,44:18.2,Nicole Chavez,38:11.4,Brittany Smith,00:28.9,Andrew Mitchell,LOY-8722,smithkim@example.net,648-597-6691x03488,34:29.9,Digital Wallet,,Online,,No,Sydney Henderson,00:43.0,176.86,"Smoothie, Coke, Pepsi",40.16,4.14,26.94,20% Off,
159,EtaBetaPi_18,Charlotte,Jessica Maxwell,17:02.5,Andrea Vasquez,51:13.8,Paul King,55:59.4,Debra Harris,LOY-1665,haleybrown@example.org,001-201-924-4899x817,45:00.4,Credit Card,**** **** **** 6291,Inhouse,I65-05I,No,Mr. Steven Hodges,,428.69,"Mozzarella Sticks, Milkshake, Veggie Burger",20.58,18.16,9.17,Family Pack Offer,
160,EtaBetaPi_10,San Diego,Jonathan Smith,04:09.3,Margaret Fisher,37:03.3,Bryan Sanders,13:49.1,Melissa Hale,LOY-7341,smithkim@example.net,504.796.9680,14:01.0,Credit Card,,Online,381 ETL,Yes,Kelly Perkins,,179.38,"Pasta, Chicken Nuggets, Veggie Burger",15.71,11.35,1.35,Buy 1 Get 1 Free,
161,EtaBetaPi_23,Nashville,Elijah Bailey,24:14.7,Brian Obrien,50:51.1,Holly Gordon,07:19.6,Catherine Pham,LOY-9552,crossangela@example.net,4398666176,31:41.2,Credit Card,,Uber Eats,605D,No,Andrea Vasquez,04:48.9,156.29,Pizza,41.49,1.51,21.16,Free Fries with Burger,
162,EtaBetaPi_18,Baltimore,Benjamin Gardner,11:17.8,Tammie Murphy,15:06.0,Nicole Chavez,07:11.1,Lisa Torres,LOY-8939,terri25@example.com,(787)801-4484x1612,01:59.5,Digital Wallet,**** **** **** 5089,Uber Eats,MUL5836,No,Nicole Chavez,40:17.8,217.6,"Mozzarella Sticks, Smoothie, Ice Cream, Coffee",43.13,3.85,20.57,Free Fries with Burger,
163,EtaBetaPi_23,Miami,Seth Pope,57:19.5,Sara Moore MD,06:32.0,Mallory Patrick,17:34.5,Casey Hurst,LOY-3516,barbaraanderson@example.com,+1-406-551-6314x5045,35:51.7,Digital Wallet,,Online,,No,Nathan Hernandez,,164.88,"Coke, Onion Rings",39.6,9.23,29.48,Free Fries with Burger,
164,EtaBetaPi_25,Miami,Ellen Morgan,22:21.6,Nicole Pittman,26:07.4,Elizabeth Bennett,23:03.1,Warren Riley,LOY-8020,pricecarla@example.com,6536885824,41:01.4,Credit Card,,Online,64J 186,Yes,Bryan Sanders,12:43.5,320.6,"Fish Sandwich, Ice Cream",44.78,3.52,25.72,Free Fries with Burger,Coupon-898
165,EtaBetaPi_18,Denver,Bryan Sanders,39:46.1,Nathan Hernandez,15:55.5,Michael Johnson,32:08.7,Allison Leach,LOY-4469,haleybrown@example.org,(355)907-5187x60752,51:59.9,Credit Card,**** **** **** 4475,Uber Eats,867Z5,Yes,Kelly Perkins,15:33.6,496.07,Ice Cream,9.8,12.95,13.53,Family Pack Offer,
166,EtaBetaPi_21,Indianapolis,Seth Pope,19:22.5,Jessica Maxwell,57:15.5,Randy Schmidt,33:14.7,Jason Zimmerman,LOY-3976,lovemiranda@example.net,468-678-4416x2126,33:35.5,Credit Card,,Inhouse,DUS 602,No,Samuel Parker,,458.34,"Ice Cream, Fries, Taco, Burrito",31.86,16.61,24.28,Family Pack Offer,
167,EtaBetaPi_12,Charlotte,Dale Sims,28:15.2,Elijah Bailey,21:41.7,Elijah Bailey,31:10.1,Nicole Poole,,james11@example.org,947.453.1250x70623,14:52.0,Credit Card,**** **** **** 2586,Inhouse,J96 7SZ,No,Sue Gillespie,,201.88,"Chicken Nuggets, Ice Cream, Coke",29.64,12.91,21.14,,
168,EtaBetaPi_28,Charlotte,Bryan Sanders,23:17.8,Jeffery Luna,56:12.1,Benjamin Gardner,01:27.3,Keith Evans,LOY-2492,sally25@example.org,794.524.6680,06:03.4,Digital Wallet,,Online,061-BJW,No,Danielle Luna,43:46.4,156.49,"Chicken Nuggets, Burrito",44.54,14.07,15.02,Free Fries with Burger,Coupon-725
169,EtaBetaPi_05,Atlanta,Kara Sanchez,58:50.1,Deanna Wood,55:28.0,Jeffery Luna,00:37.9,Bryan Davis,,campospaige@example.com,+1-379-727-4829x8364,23:46.7,Cash,,Inhouse,V 913107,No,Cristina Duke,,34.03,"Fries, Ice Cream, Pepsi, Hot Dog",23.21,10.02,17.66,20% Off,Coupon-425
170,EtaBetaPi_09,Chicago,Ellen Morgan,22:15.9,Mallory Patrick,01:08.1,Mr. Steven Hodges,12:55.5,Jodi Harrington,LOY-6203,bsmith@example.com,001-655-566-7824,24:55.8,Credit Card,**** **** **** 5152,Drive Through,HMT 044,Yes,Cristina Duke,23:30.5,185.27,"Burrito, Salad, Onion Rings, Hot Dog",17.48,1.39,4.19,20% Off,
171,EtaBetaPi_18,Dallas,Donna Smith,17:52.3,Mr. Steven Hodges,54:13.9,Kara Sanchez,35:56.8,John Bell,LOY-3049,jacksonsamantha@example.org,668.562.5141x7458,59:51.3,Digital Wallet,**** **** **** 2339,Uber Eats,,Yes,Sue Gillespie,,420.09,"Burrito, Onion Rings",19.34,5.86,22.56,,Coupon-788
172,EtaBetaPi_24,Las Vegas,Mallory Patrick,02:42.3,Elijah Bailey,29:50.3,Joshua Norton,16:20.7,Nicole Poole,LOY-3461,crossangela@example.net,870-343-9201x96978,25:12.4,Credit Card,,Inhouse,960 ILW,Yes,Andrea Vasquez,,108.22,"Salad, Fries, Mozzarella Sticks, Pizza",20.32,7.17,21.82,Family Pack Offer,Coupon-731
173,EtaBetaPi_20,Atlanta,Jonathan Smith,11:01.3,Dale Sims,13:21.6,Nicole Pittman,42:48.1,Kayla Peterson,LOY-7879,wwillis@example.org,505.835.4649x3657,20:43.5,Digital Wallet,,Inhouse,UHM-8747,No,Paul King,,227.75,Pizza,15.73,10.86,9.52,20% Off,
174,EtaBetaPi_07,Miami,Brian Obrien,48:26.4,Bobby Tucker,18:14.8,Benjamin Gardner,19:12.3,Jennifer Sanchez,LOY-6725,icook@example.com,870-343-9201x96978,47:24.8,Cash,**** **** **** 8426,Inhouse,02L 3520,No,Kristin Lester,49:54.1,165.94,"Burrito, Coke, Taco",33,2.34,25.6,Free Fries with Burger,Coupon-240
175,EtaBetaPi_21,Miami,Benjamin Gardner,34:27.2,Ashley Lynch,07:22.4,Tammie Murphy,03:30.6,Jasmine Hill,LOY-4680,briancastro@example.org,(580)214-9514x486,25:46.8,Cash,**** **** **** 1698,Drive Through,,No,Holly Gordon,06:54.0,411.06,"Veggie Burger, Coke",14.54,13.35,5.71,Free Fries with Burger,
176,EtaBetaPi_16,New York,Bobby Tucker,40:14.5,Paul King,39:23.0,Sydney Henderson,12:48.2,Brenda Vance,LOY-7138,zproctor@example.org,001-661-456-0424x426,34:19.0,Credit Card,,Online,,No,Seth Pope,,464.34,"Fish Sandwich, Pepsi",7.04,9.09,0.26,,Coupon-438
177,EtaBetaPi_02,Detroit,Sydney Henderson,06:15.3,Mr. Steven Hodges,26:00.8,Holly Gordon,45:52.4,Dawn Ellis,LOY-6681,ramossara@example.org,(566)936-1415,17:05.2,Cash,**** **** **** 8897,Uber Eats,33-P557,No,Ellen Morgan,26:53.9,256.11,"Pizza, Pasta",40.07,11.92,4.81,Family Pack Offer,Coupon-137
178,EtaBetaPi_HQ,Boston,Bryan Sanders,40:07.7,Danielle Luna,27:15.3,Brittany Smith,41:20.0,Jenna Goodwin,LOY-3028,rebeccahunt@example.org,875.497.1227,32:45.9,Cash,**** **** **** 6447,Drive Through,,No,Deanna Wood,07:59.9,394.78,Veggie Burger,31.06,9.93,8.88,Free Fries with Burger,Coupon-105
179,EtaBetaPi_21,Las Vegas,Kara Sanchez,36:45.5,Kara Sanchez,23:20.8,Seth Pope,19:48.2,Catherine Pham,LOY-7240,jacqueline01@example.net,604-370-1325x78634,12:35.4,Credit Card,,Online,4-20054P,No,Jonathan Smith,,454.84,"Ice Cream, Pizza",31.49,12.98,20.65,Free Fries with Burger,
180,EtaBetaPi_04,Atlanta,Deanna Wood,31:17.4,Margaret Fisher,42:00.7,Danielle Luna,39:28.7,Sarah Wood,LOY-7470,kmcknight@example.net,350.474.8770x101,26:40.3,Cash,,Inhouse,,No,Deanna Wood,,396.72,"Fish Sandwich, Pasta",8.41,14.84,4.9,Buy 1 Get 1 Free,
181,EtaBetaPi_27,Dallas,Joshua Norton,04:42.1,Nicole Chavez,38:30.1,Leah Gonzales,32:13.1,Heather Mcdonald,LOY-2537,daltonmario@example.com,+1-332-333-8483x899,45:33.0,Digital Wallet,,Drive Through,,Yes,Ricardo Kirk,03:26.3,113.31,"Onion Rings, Hot Dog",29.79,9.96,8.04,Family Pack Offer,
182,EtaBetaPi_19,Los Angeles,Ellen Morgan,46:08.0,Danielle Luna,34:00.6,Holly Gordon,00:39.4,Joshua Watson,LOY-6282,bsmith@example.com,+1-671-201-3108x51131,15:09.4,Cash,,Online,,No,Ricardo Kirk,,351.15,Onion Rings,48.98,9.47,15.16,20% Off,Coupon-869
183,EtaBetaPi_HQ,Portland,Joshua Fitzpatrick,57:26.7,Michael Johnson,49:17.2,Destiny Barrett,08:48.4,Dawn Ellis,LOY-7165,efischer@example.com,450-321-4464,10:07.7,Cash,**** **** **** 2830,Inhouse,,Yes,Mallory Patrick,,262.98,"Mozzarella Sticks, Pepsi, Cheeseburger",1.38,9.69,18.94,,
184,EtaBetaPi_09,Philadelphia,Dale Sims,47:16.2,Danielle Luna,57:04.5,Elizabeth Bennett,29:37.5,Kayla Peterson,LOY-3202,smithkim@example.net,001-765-821-6619x708,28:47.9,Digital Wallet,**** **** **** 5209,Drive Through,,No,Benjamin Gardner,49:56.5,168.44,Cheeseburger,23,17.43,22.53,20% Off,Coupon-975
185,EtaBetaPi_16,Nashville,Seth Pope,17:53.5,Donna Smith,16:40.7,Joshua Norton,36:55.1,Jason Meyer,LOY-6072,wblackwell@example.net,647-685-6556x579,52:46.3,Digital Wallet,,Uber Eats,,Yes,Jessica Maxwell,42:47.3,188.3,"Chicken Nuggets, Onion Rings, Salad",16.89,12.21,2.85,,Coupon-626
186,EtaBetaPi_19,Chicago,Samuel Parker,12:43.2,Donna Smith,34:11.1,Bobby Tucker,32:29.0,Matthew Phillips,LOY-8863,daltonmario@example.com,+1-420-296-1302x91453,25:18.4,Cash,**** **** **** 6050,Uber Eats,AMK-0107,Yes,Benjamin Gardner,,289.15,"Fish Sandwich, Pepsi",31.49,18.06,19.57,,
187,EtaBetaPi_22,Philadelphia,Joshua Norton,54:13.8,Nathan Hernandez,01:50.0,Holly Gordon,25:13.9,Taylor Norman,LOY-2343,jonathankelley@example.org,-3971,05:37.7,Credit Card,,Inhouse,,No,Ashley Lynch,,264.81,"Salad, Veggie Burger, Smoothie, Chicken Sandwich",4.73,1.26,22.49,20% Off,
188,EtaBetaPi_11,Charlotte,Destiny Barrett,24:01.7,Randy Schmidt,05:18.7,Nicole Pittman,49:26.6,Robert Gallegos,LOY-9042,greenmichael@example.org,272-565-7462,14:57.7,Credit Card,,Drive Through,,Yes,Michael Johnson,17:57.8,58.4,Cheeseburger,4.16,3.45,24.55,Buy 1 Get 1 Free,
189,EtaBetaPi_12,Dallas,Jessica Maxwell,20:12.1,Sue Gillespie,45:18.6,Benjamin Gardner,50:06.3,Virginia Petersen,LOY-6928,upierce@example.net,(946)697-8501,46:36.5,Credit Card,,Uber Eats,NXZ 212,Yes,Jeffery Luna,21:21.3,180.79,Ice Cream,20.51,8.56,22.34,,Coupon-267
190,EtaBetaPi_15,Las Vegas,Brittany Smith,40:32.5,Paul King,15:35.4,Kara Sanchez,49:01.2,Michael Steele,LOY-5478,sierra39@example.net,350.474.8770x101,39:03.3,Digital Wallet,,Drive Through,,Yes,Nathan Hernandez,,13.32,Fish Sandwich,37.33,14.92,20.98,20% Off,
191,EtaBetaPi_25,Denver,Eric Nelson,14:54.5,Deanna Wood,29:27.3,Kimberly Thompson,31:06.8,Henry Clark,LOY-1888,erikahale@example.com,+1-332-333-8483x899,03:00.1,Digital Wallet,,Drive Through,TES3742,No,Destiny Barrett,06:06.0,443.16,Chicken Sandwich,33.05,6.4,29.94,Buy 1 Get 1 Free,Coupon-578
192,EtaBetaPi_24,Boston,Nicole Pittman,31:07.5,Sean Wilson DDS,41:22.2,Michael Johnson,58:10.8,Sean Griffith,LOY-5871,laura13@example.com,655.284.6908,37:11.5,Credit Card,,Drive Through,,Yes,Cristina Duke,,252.91,"Burrito, Pizza, Smoothie",25.39,12.49,4.06,Buy 1 Get 1 Free,Coupon-596
193,EtaBetaPi_18,Atlanta,Bryan Sanders,50:37.4,Joshua Norton,15:39.7,Sara Moore MD,20:10.1,Robert Young,LOY-6954,rmarquez@example.com,332.478.9568x866,24:27.7,Cash,**** **** **** 5168,Inhouse,8-03454,No,Mr. Steven Hodges,,246.98,"Pasta, Coke",20.11,17.93,29.27,Free Fries with Burger,
194,EtaBetaPi_28,Detroit,Kimberly Thompson,10:03.5,Joshua Norton,05:27.9,Kimberly Thompson,19:25.7,Christine Roberts,LOY-5509,kennethkim@example.org,841-915-5313x3219,44:14.1,Digital Wallet,,Inhouse,539-DTT,Yes,Nathan Hernandez,01:31.5,351.83,Pasta,13.03,8.51,15.51,Family Pack Offer,Coupon-372
195,EtaBetaPi_05,Denver,Kimberly Thompson,52:34.9,Eric Nelson,08:13.4,Bobby Tucker,27:34.1,Mary Jones,LOY-1660,jennifer72@example.net,655.284.6908,18:40.1,Credit Card,**** **** **** 4239,Inhouse,,Yes,Joshua Norton,,209.98,"Fries, Milkshake, Pizza",26.66,13.41,25.23,Buy 1 Get 1 Free,Coupon-127
196,EtaBetaPi_16,Chicago,Sara Moore MD,52:04.8,Andrea Vasquez,08:11.8,Paul King,27:45.5,Terry Townsend,LOY-1323,jeangarcia@example.net,9178539975,36:02.5,Digital Wallet,**** **** **** 7013,Drive Through,,No,Jennifer Oliver,,382.09,"Mozzarella Sticks, Hot Dog, Salad",24.52,19.76,12.44,Family Pack Offer,Coupon-182
197,EtaBetaPi_30,Phoenix,Eric Nelson,36:58.9,Elijah Bailey,21:49.9,Mr. Steven Hodges,19:17.2,Thomas Esparza,LOY-7951,leslie60@example.org,223.220.8427x89515,43:24.4,Cash,,Drive Through,7DW75,No,Sue Gillespie,,347.89,"Onion Rings, Pizza, Hot Dog, Smoothie",16.1,15.12,18.76,Buy 1 Get 1 Free,Coupon-290
198,EtaBetaPi_27,Boston,Ellen Morgan,20:38.8,Lisa Murphy,06:10.7,Dale Sims,33:02.1,Jason Meyer,LOY-2916,murphycharlene@example.com,(973)354-1351,16:25.4,Cash,,Uber Eats,KCZ 692,Yes,Destiny Barrett,,231.77,"Mozzarella Sticks, Fish Sandwich, Coffee",40.85,3.99,26.86,Free Fries with Burger,Coupon-323
199,EtaBetaPi_28,Philadelphia,Paul King,03:48.6,Elizabeth Bennett,43:07.5,Dale Sims,49:17.0,Seth Oliver,LOY-9360,cookanthony@example.org,668.562.5141x7458,10:32.8,Digital Wallet,,Drive Through,KNJ 030,Yes,Sara Moore MD,53:09.6,479.38,"Chicken Nuggets, Chicken Sandwich, Coke",27.25,8.02,27.12,20% Off,
200,EtaBetaPi_13,Los Angeles,Margaret Fisher,44:57.9,Randy Schmidt,29:00.0,Kimberly Thompson,42:38.2,Melanie Calderon,LOY-1594,upierce@example.net,001-536-963-2500x5101,31:43.9,Cash,**** **** **** 1185,Drive Through,,Yes,Elizabeth Bennett,,472.77,"Coke, Taco",37.24,19.69,23,Free Fries with Burger,Coupon-969